Workbook

Sheet Proje Listesi
A1: Sıra | B1: Ürün Kodu | C1: Model | D1: Kullanım Yeri | E1: Ana Grup | F1: Pano Tipi | G1: Bağlantı Türü | H1: Buzzer D. | I1: Ek Özellik | J1: Versiyon | K1: Link
A2: 1 | B2: ="LT"&VLOOKUP(C2,'Kodlama Listesi'!B:C,2,0)&"-"&VLOOKUP(D2,'Kodlama Listesi'!D:E,2,0)&"-"&VLOOKUP(E2,'Kodlama Listesi'!F:G,2,0)&"-"&VLOOKUP(F2,'Kodlama Listesi'!H:I,2,0)&VLOOKUP(G2,'Kodlama Listesi'!J:K,2,0)&VLOOKUP(H2,'Kodlama Listesi'!L:M,2,0)&"-"&VLOOKUP(I2,'Kodlama Listesi'!N:O,2,0)&"-"&VLOOKUP(J2,'Kodlama Listesi'!P:Q,2,0) -> LT01-COP-EMG-H3B0-00-1 | C2: Model-1 | D2: Kabin | E2: Acil Aydınlatma | F2: Seri/Paralel | G2: Vidalı/Kablolu | H2: Yok | I2: Yok | J2: Ver-1
A3: 2 | B3: ="LT"&VLOOKUP(C3,'Kodlama Listesi'!B:C,2,0)&"-"&VLOOKUP(D3,'Kodlama Listesi'!D:E,2,0)&"-"&VLOOKUP(E3,'Kodlama Listesi'!F:G,2,0)&"-"&VLOOKUP(F3,'Kodlama Listesi'!H:I,2,0)&VLOOKUP(G3,'Kodlama Listesi'!J:K,2,0)&VLOOKUP(H3,'Kodlama Listesi'!L:M,2,0)&"-"&VLOOKUP(I3,'Kodlama Listesi'!N:O,2,0)&"-"&VLOOKUP(J3,'Kodlama Listesi'!P:Q,2,0) -> LT02-COP-EMG-H3B0-00-1 | C3: Model-2 | D3: Kabin | E3: Acil Aydınlatma | F3: Seri/Paralel | G3: Vidalı/Kablolu | H3: Yok | I3: Yok | J3: Ver-1
A4: 3 | B4: ="LT"&VLOOKUP(C4,'Kodlama Listesi'!B:C,2,0)&"-"&VLOOKUP(D4,'Kodlama Listesi'!D:E,2,0)&"-"&VLOOKUP(E4,'Kodlama Listesi'!F:G,2,0)&"-"&VLOOKUP(F4,'Kodlama Listesi'!H:I,2,0)&VLOOKUP(G4,'Kodlama Listesi'!J:K,2,0)&VLOOKUP(H4,'Kodlama Listesi'!L:M,2,0)&"-"&VLOOKUP(I4,'Kodlama Listesi'!N:O,2,0)&"-"&VLOOKUP(J4,'Kodlama Listesi'!P:Q,2,0) -> LT03-COP-EMG-H3B0-00-1 | C4: Model-3 | D4: Kabin | E4: Acil Aydınlatma | F4: Seri/Paralel | G4: Vidalı/Kablolu | H4: Yok | I4: Yok | J4: Ver-1
A5: 4 | B5: ="LT"&VLOOKUP(C5,'Kodlama Listesi'!B:C,2,0)&"-"&VLOOKUP(D5,'Kodlama Listesi'!D:E,2,0)&"-"&VLOOKUP(E5,'Kodlama Listesi'!F:G,2,0)&"-"&VLOOKUP(F5,'Kodlama Listesi'!H:I,2,0)&VLOOKUP(G5,'Kodlama Listesi'!J:K,2,0)&VLOOKUP(H5,'Kodlama Listesi'!L:M,2,0)&"-"&VLOOKUP(I5,'Kodlama Listesi'!N:O,2,0)&"-"&VLOOKUP(J5,'Kodlama Listesi'!P:Q,2,0) -> LT01-COP-LGO-H3B0-00-1 | C5: Model-1 | D5: Kabin | E5: Logo | F5: Seri/Paralel | G5: Vidalı/Kablolu | H5: Yok | I5: Yok | J5: Ver-1
A6: 5 | B6: ="LT"&VLOOKUP(C6,'Kodlama Listesi'!B:C,2,0)&"-"&VLOOKUP(D6,'Kodlama Listesi'!D:E,2,0)&"-"&VLOOKUP(E6,'Kodlama Listesi'!F:G,2,0)&"-"&VLOOKUP(F6,'Kodlama Listesi'!H:I,2,0)&VLOOKUP(G6,'Kodlama Listesi'!J:K,2,0)&VLOOKUP(H6,'Kodlama Listesi'!L:M,2,0)&"-"&VLOOKUP(I6,'Kodlama Listesi'!N:O,2,0)&"-"&VLOOKUP(J6,'Kodlama Listesi'!P:Q,2,0) -> LT02-COP-LGO-H3B0-00-1 | C6: Model-2 | D6: Kabin | E6: Logo | F6: Seri/Paralel | G6: Vidalı/Kablolu | H6: Yok | I6: Yok | J6: Ver-1
A7: 6 | B7: ="LT"&VLOOKUP(C7,'Kodlama Listesi'!B:C,2,0)&"-"&VLOOKUP(D7,'Kodlama Listesi'!D:E,2,0)&"-"&VLOOKUP(E7,'Kodlama Listesi'!F:G,2,0)&"-"&VLOOKUP(F7,'Kodlama Listesi'!H:I,2,0)&VLOOKUP(G7,'Kodlama Listesi'!J:K,2,0)&VLOOKUP(H7,'Kodlama Listesi'!L:M,2,0)&"-"&VLOOKUP(I7,'Kodlama Listesi'!N:O,2,0)&"-"&VLOOKUP(J7,'Kodlama Listesi'!P:Q,2,0) -> LT01-COP-TAG-P1B0-00-1 | C7: Model-1 | D7: Kabin | E7: İsimlik | F7: Paralel | G7: Vidalı | H7: Yok | I7: Yok | J7: Ver-1
A8: 7 | B8: ="LT"&VLOOKUP(C8,'Kodlama Listesi'!B:C,2,0)&"-"&VLOOKUP(D8,'Kodlama Listesi'!D:E,2,0)&"-"&VLOOKUP(E8,'Kodlama Listesi'!F:G,2,0)&"-"&VLOOKUP(F8,'Kodlama Listesi'!H:I,2,0)&VLOOKUP(G8,'Kodlama Listesi'!J:K,2,0)&VLOOKUP(H8,'Kodlama Listesi'!L:M,2,0)&"-"&VLOOKUP(I8,'Kodlama Listesi'!N:O,2,0)&"-"&VLOOKUP(J8,'Kodlama Listesi'!P:Q,2,0) -> LT02-COP-TAG-P1B0-00-1 | C8: Model-2 | D8: Kabin | E8: İsimlik | F8: Paralel | G8: Vidalı | H8: Yok | I8: Yok | J8: Ver-1
A9: 8 | B9: ="LT"&VLOOKUP(C9,'Kodlama Listesi'!B:C,2,0)&"-"&VLOOKUP(D9,'Kodlama Listesi'!D:E,2,0)&"-"&VLOOKUP(E9,'Kodlama Listesi'!F:G,2,0)&"-"&VLOOKUP(F9,'Kodlama Listesi'!H:I,2,0)&VLOOKUP(G9,'Kodlama Listesi'!J:K,2,0)&VLOOKUP(H9,'Kodlama Listesi'!L:M,2,0)&"-"&VLOOKUP(I9,'Kodlama Listesi'!N:O,2,0)&"-"&VLOOKUP(J9,'Kodlama Listesi'!P:Q,2,0) -> LT01-COP-ARR-P1B0-00-1 | C9: Model-1 | D9: Kabin | E9: Led Array | F9: Paralel | G9: Vidalı | H9: Yok | I9: Yok | J9: Ver-1
A10: 9 | B10: ="LT"&VLOOKUP(C10,'Kodlama Listesi'!B:C,2,0)&"-"&VLOOKUP(D10,'Kodlama Listesi'!D:E,2,0)&"-"&VLOOKUP(E10,'Kodlama Listesi'!F:G,2,0)&"-"&VLOOKUP(F10,'Kodlama Listesi'!H:I,2,0)&VLOOKUP(G10,'Kodlama Listesi'!J:K,2,0)&VLOOKUP(H10,'Kodlama Listesi'!L:M,2,0)&"-"&VLOOKUP(I10,'Kodlama Listesi'!N:O,2,0)&"-"&VLOOKUP(J10,'Kodlama Listesi'!P:Q,2,0) -> #N/A
A11: 10 | B11: ="LT"&VLOOKUP(C11,'Kodlama Listesi'!B:C,2,0)&"-"&VLOOKUP(D11,'Kodlama Listesi'!D:E,2,0)&"-"&VLOOKUP(E11,'Kodlama Listesi'!F:G,2,0)&"-"&VLOOKUP(F11,'Kodlama Listesi'!H:I,2,0)&VLOOKUP(G11,'Kodlama Listesi'!J:K,2,0)&VLOOKUP(H11,'Kodlama Listesi'!L:M,2,0)&"-"&VLOOKUP(I11,'Kodlama Listesi'!N:O,2,0)&"-"&VLOOKUP(J11,'Kodlama Listesi'!P:Q,2,0) -> #N/A
A12: 11 | B12: ="LT"&VLOOKUP(C12,'Kodlama Listesi'!B:C,2,0)&"-"&VLOOKUP(D12,'Kodlama Listesi'!D:E,2,0)&"-"&VLOOKUP(E12,'Kodlama Listesi'!F:G,2,0)&"-"&VLOOKUP(F12,'Kodlama Listesi'!H:I,2,0)&VLOOKUP(G12,'Kodlama Listesi'!J:K,2,0)&VLOOKUP(H12,'Kodlama Listesi'!L:M,2,0)&"-"&VLOOKUP(I12,'Kodlama Listesi'!N:O,2,0)&"-"&VLOOKUP(J12,'Kodlama Listesi'!P:Q,2,0) -> #N/A
A13: 12 | B13: ="LT"&VLOOKUP(C13,'Kodlama Listesi'!B:C,2,0)&"-"&VLOOKUP(D13,'Kodlama Listesi'!D:E,2,0)&"-"&VLOOKUP(E13,'Kodlama Listesi'!F:G,2,0)&"-"&VLOOKUP(F13,'Kodlama Listesi'!H:I,2,0)&VLOOKUP(G13,'Kodlama Listesi'!J:K,2,0)&VLOOKUP(H13,'Kodlama Listesi'!L:M,2,0)&"-"&VLOOKUP(I13,'Kodlama Listesi'!N:O,2,0)&"-"&VLOOKUP(J13,'Kodlama Listesi'!P:Q,2,0) -> #N/A
A14: 13 | B14: ="LT"&VLOOKUP(C14,'Kodlama Listesi'!B:C,2,0)&"-"&VLOOKUP(D14,'Kodlama Listesi'!D:E,2,0)&"-"&VLOOKUP(E14,'Kodlama Listesi'!F:G,2,0)&"-"&VLOOKUP(F14,'Kodlama Listesi'!H:I,2,0)&VLOOKUP(G14,'Kodlama Listesi'!J:K,2,0)&VLOOKUP(H14,'Kodlama Listesi'!L:M,2,0)&"-"&VLOOKUP(I14,'Kodlama Listesi'!N:O,2,0)&"-"&VLOOKUP(J14,'Kodlama Listesi'!P:Q,2,0) -> #N/A
A15: 14 | B15: ="LT"&VLOOKUP(C15,'Kodlama Listesi'!B:C,2,0)&"-"&VLOOKUP(D15,'Kodlama Listesi'!D:E,2,0)&"-"&VLOOKUP(E15,'Kodlama Listesi'!F:G,2,0)&"-"&VLOOKUP(F15,'Kodlama Listesi'!H:I,2,0)&VLOOKUP(G15,'Kodlama Listesi'!J:K,2,0)&VLOOKUP(H15,'Kodlama Listesi'!L:M,2,0)&"-"&VLOOKUP(I15,'Kodlama Listesi'!N:O,2,0)&"-"&VLOOKUP(J15,'Kodlama Listesi'!P:Q,2,0) -> #N/A
A16: 15 | B16: ="LT"&VLOOKUP(C16,'Kodlama Listesi'!B:C,2,0)&"-"&VLOOKUP(D16,'Kodlama Listesi'!D:E,2,0)&"-"&VLOOKUP(E16,'Kodlama Listesi'!F:G,2,0)&"-"&VLOOKUP(F16,'Kodlama Listesi'!H:I,2,0)&VLOOKUP(G16,'Kodlama Listesi'!J:K,2,0)&VLOOKUP(H16,'Kodlama Listesi'!L:M,2,0)&"-"&VLOOKUP(I16,'Kodlama Listesi'!N:O,2,0)&"-"&VLOOKUP(J16,'Kodlama Listesi'!P:Q,2,0) -> #N/A
A17: 16 | B17: ="LT"&VLOOKUP(C17,'Kodlama Listesi'!B:C,2,0)&"-"&VLOOKUP(D17,'Kodlama Listesi'!D:E,2,0)&"-"&VLOOKUP(E17,'Kodlama Listesi'!F:G,2,0)&"-"&VLOOKUP(F17,'Kodlama Listesi'!H:I,2,0)&VLOOKUP(G17,'Kodlama Listesi'!J:K,2,0)&VLOOKUP(H17,'Kodlama Listesi'!L:M,2,0)&"-"&VLOOKUP(I17,'Kodlama Listesi'!N:O,2,0)&"-"&VLOOKUP(J17,'Kodlama Listesi'!P:Q,2,0) -> #N/A
A18: 17 | B18: ="LT"&VLOOKUP(C18,'Kodlama Listesi'!B:C,2,0)&"-"&VLOOKUP(D18,'Kodlama Listesi'!D:E,2,0)&"-"&VLOOKUP(E18,'Kodlama Listesi'!F:G,2,0)&"-"&VLOOKUP(F18,'Kodlama Listesi'!H:I,2,0)&VLOOKUP(G18,'Kodlama Listesi'!J:K,2,0)&VLOOKUP(H18,'Kodlama Listesi'!L:M,2,0)&"-"&VLOOKUP(I18,'Kodlama Listesi'!N:O,2,0)&"-"&VLOOKUP(J18,'Kodlama Listesi'!P:Q,2,0) -> #N/A
A19: 18 | B19: ="LT"&VLOOKUP(C19,'Kodlama Listesi'!B:C,2,0)&"-"&VLOOKUP(D19,'Kodlama Listesi'!D:E,2,0)&"-"&VLOOKUP(E19,'Kodlama Listesi'!F:G,2,0)&"-"&VLOOKUP(F19,'Kodlama Listesi'!H:I,2,0)&VLOOKUP(G19,'Kodlama Listesi'!J:K,2,0)&VLOOKUP(H19,'Kodlama Listesi'!L:M,2,0)&"-"&VLOOKUP(I19,'Kodlama Listesi'!N:O,2,0)&"-"&VLOOKUP(J19,'Kodlama Listesi'!P:Q,2,0) -> #N/A
A20: 19 | B20: ="LT"&VLOOKUP(C20,'Kodlama Listesi'!B:C,2,0)&"-"&VLOOKUP(D20,'Kodlama Listesi'!D:E,2,0)&"-"&VLOOKUP(E20,'Kodlama Listesi'!F:G,2,0)&"-"&VLOOKUP(F20,'Kodlama Listesi'!H:I,2,0)&VLOOKUP(G20,'Kodlama Listesi'!J:K,2,0)&VLOOKUP(H20,'Kodlama Listesi'!L:M,2,0)&"-"&VLOOKUP(I20,'Kodlama Listesi'!N:O,2,0)&"-"&VLOOKUP(J20,'Kodlama Listesi'!P:Q,2,0) -> #N/A
A21: 20 | B21: ="LT"&VLOOKUP(C21,'Kodlama Listesi'!B:C,2,0)&"-"&VLOOKUP(D21,'Kodlama Listesi'!D:E,2,0)&"-"&VLOOKUP(E21,'Kodlama Listesi'!F:G,2,0)&"-"&VLOOKUP(F21,'Kodlama Listesi'!H:I,2,0)&VLOOKUP(G21,'Kodlama Listesi'!J:K,2,0)&VLOOKUP(H21,'Kodlama Listesi'!L:M,2,0)&"-"&VLOOKUP(I21,'Kodlama Listesi'!N:O,2,0)&"-"&VLOOKUP(J21,'Kodlama Listesi'!P:Q,2,0) -> #N/A
... A151: 150 | B151: ="LT"&VLOOKUP(C151,'Kodlama Listesi'!B:C,2,0)&"-"&VLOOKUP(D151,'Kodlama Listesi'!D:E,2,0)&"-"&VLOOKUP(E151,'Kodlama Listesi'!F:G,2,0)&"-"&VLOOKUP(F151,'Kodlama Listesi'!H:I,2,0)&VLOOKUP(G151,'Kodlama Listesi'!J:K,2,0)&VLOOKUP(H151,'Kodlama Listesi'!L:M,2,0)&"-"&VLOOKUP(I151,'Kodlama Listesi'!N:O,2,0)&"-"&VLOOKUP(J151,'Kodlama Listesi'!P:Q,2,0) -> #N/A

Sheet Kodlama Listesi
A1: 1 | B1: 2 | C1: 3 | D1: 4 | E1: 5 | F1: 6 | G1: 7 | H1: 8 | I1: 9 | J1: 10 | K1: 11 | L1: 12 | M1: 13 | N1: 14 | O1: 15 | P1: 16 | Q1: 17 | R1: Ürün Kodu | S1: Link
B2: Model Bilgisi | D2: Kullanım Yerleri | F2: Ana Grup Adı | H2: Pano Tipi | J2: Bağlantı Türü | L2: Buzzer Durumu | N2: Ek Özellik | P2: Major Rev. Bilgisi
B3: Adı | C3: Kodu | D3: Adı | E3: Kodu | F3: Adı | G3: Kodu | H3: Adı | I3: Kodu | J3: Adı | K3: Kodu | L3: Adı | M3: Kodu | N3: Adı | O3: Kodu | P3: Adı | Q3: Kodu
B4: Model-1 | C4: 01 | D4: Kabin | E4: COP | F4: Acil Aydınlatma | G4: EMG | H4: Seri | I4: S | J4: Vidalı | K4: 1 | L4: Yok | M4: B0 | N4: Yok | O4: 00 | P4: Ver-1 | Q4: 1
B5: Model-2 | C5: 02 | D5: Kat | E5: LOP | F5: Logo | G5: LGO | H5: Paralel | I5: P | J5: Kablolu | K5: 2 | L5: Sürekli Aktif | M5: B1 | P5: Ver-2 | Q5: 2
B6: Model-3 | C6: 03 | D6: Kapıüstü | E6: LIP | F6: İsimlik | G6: TAG | H6: Seri/Paralel | I6: H | J6: Vidalı/Kablolu | K6: 3 | L6: Tek Seferlik | M6: B2 | P6: Ver-3 | Q6: 3
D7: Kat-Kapıüstü | E7: LLP | F7: LED Array | G7: ARR
D8: Kapıüstü-Kabin | E8: CLI
D9: Kat-Kapıüstü-Kabin | E9: CLL
D10: Revizyon | E10: REV
D11: Makine Dairesi | E11: MCR
